id,language,script,region,query_text,normalized_query,intent,related_ticker,expected_response_type,source,license,consent_status,created_at,reviewer_notes
IFQ-0001,en,Latin,India,What is the current price of TCS,current price TCS,stock_price_query,TCS.NS,price_snapshot,manually_created_sample_demo_corpus,repo_license,project_authored,2026-06-25,manually authored demo example
IFQ-0002,en,Latin,India,Show me Reliance share price today,Reliance share price today,stock_price_query,RELIANCE.NS,price_snapshot,manually_created_sample_demo_corpus,repo_license,project_authored,2026-06-25,manually authored demo example
IFQ-0003,en,Latin,India,Find latest Infosys stock quote,latest Infosys stock quote,stock_price_query,INFY.NS,price_snapshot,manually_created_sample_demo_corpus,repo_license,project_authored,2026-06-25,manually authored demo example
IFQ-0004,hi,Devanagari,India,TCS का आज का भाव क्या है,TCS आज भाव,stock_price_query,TCS.NS,price_snapshot,manually_created_sample_demo_corpus,repo_license,project_authored,2026-06-25,manually authored demo example
IFQ-0005,hi,Devanagari,India,रिलायंस शेयर की कीमत बताइए,रिलायंस शेयर कीमत,stock_price_query,RELIANCE.NS,price_snapshot,manually_created_sample_demo_corpus,repo_license,project_authored,2026-06-25,manually authored demo example
IFQ-0006,hi,Devanagari,India,इन्फोसिस का लाइव रेट दिखाइए,इन्फोसिस लाइव रेट,stock_price_query,INFY.NS,price_snapshot,manually_created_sample_demo_corpus,repo_license,project_authored,2026-06-25,manually authored demo example
IFQ-0007,or,Odia,Odisha,TCS ର ଆଜିର ଦାମ କେତେ,TCS ଆଜି ଦାମ,stock_price_query,TCS.NS,price_snapshot,manually_created_sample_demo_corpus,repo_license,project_authored,2026-06-25,manually authored demo example
IFQ-0008,or,Odia,Odisha,ରିଲାୟନ୍ସ ସେୟାର ମୂଲ୍ୟ କହନ୍ତୁ,ରିଲାୟନ୍ସ ସେୟାର ମୂଲ୍ୟ,stock_price_query,RELIANCE.NS,price_snapshot,manually_created_sample_demo_corpus,repo_license,project_authored,2026-06-25,manually authored demo example
IFQ-0009,or,Odia,Odisha,ଇନଫୋସିସ ଷ୍ଟକ କୋଟ ଦେଖାନ୍ତୁ,ଇନଫୋସିସ ଷ୍ଟକ କୋଟ,stock_price_query,INFY.NS,price_snapshot,manually_created_sample_demo_corpus,repo_license,project_authored,2026-06-25,manually authored demo example
IFQ-0010,en,Latin,India,Can you predict Reliance for tomorrow,predict Reliance tomorrow,stock_prediction_query,RELIANCE.NS,prediction_summary,manually_created_sample_demo_corpus,repo_license,project_authored,2026-06-25,manually authored demo example
IFQ-0011,en,Latin,India,Forecast TCS next trading day,forecast TCS next trading day,stock_prediction_query,TCS.NS,prediction_summary,manually_created_sample_demo_corpus,repo_license,project_authored,2026-06-25,manually authored demo example
IFQ-0012,en,Latin,India,Will HDFC Bank go up this week,will HDFC Bank go up week,stock_prediction_query,HDFCBANK.NS,prediction_summary,manually_created_sample_demo_corpus,repo_license,project_authored,2026-06-25,manually authored demo example
IFQ-0013,hi,Devanagari,India,रिलायंस का कल का अनुमान बताइए,रिलायंस कल अनुमान,stock_prediction_query,RELIANCE.NS,prediction_summary,manually_created_sample_demo_corpus,repo_license,project_authored,2026-06-25,manually authored demo example
IFQ-0014,hi,Devanagari,India,TCS अगले दिन बढ़ेगा या घटेगा,TCS अगले दिन बढ़ेगा घटेगा,stock_prediction_query,TCS.NS,prediction_summary,manually_created_sample_demo_corpus,repo_license,project_authored,2026-06-25,manually authored demo example
IFQ-0015,hi,Devanagari,India,HDFC बैंक का साप्ताहिक पूर्वानुमान चाहिए,HDFC बैंक साप्ताहिक पूर्वानुमान,stock_prediction_query,HDFCBANK.NS,prediction_summary,manually_created_sample_demo_corpus,repo_license,project_authored,2026-06-25,manually authored demo example
IFQ-0016,or,Odia,Odisha,ରିଲାୟନ୍ସ କାଲି ବଢିବ କି,ରିଲାୟନ୍ସ କାଲି ବଢିବ,stock_prediction_query,RELIANCE.NS,prediction_summary,manually_created_sample_demo_corpus,repo_license,project_authored,2026-06-25,manually authored demo example
IFQ-0017,or,Odia,Odisha,TCS ପରବର୍ତ୍ତୀ ଦିନ ଅନୁମାନ କରନ୍ତୁ,TCS ପରବର୍ତ୍ତୀ ଦିନ ଅନୁମାନ,stock_prediction_query,TCS.NS,prediction_summary,manually_created_sample_demo_corpus,repo_license,project_authored,2026-06-25,manually authored demo example
IFQ-0018,or,Odia,Odisha,HDFC ବ୍ୟାଙ୍କ ଏହି ସପ୍ତାହରେ କେମିତି ହେବ,HDFC ବ୍ୟାଙ୍କ ସପ୍ତାହ ଅନୁମାନ,stock_prediction_query,HDFCBANK.NS,prediction_summary,manually_created_sample_demo_corpus,repo_license,project_authored,2026-06-25,manually authored demo example
IFQ-0019,en,Latin,India,Summarize Infosys business and sector,summarize Infosys business sector,company_summary,INFY.NS,company_profile,manually_created_sample_demo_corpus,repo_license,project_authored,2026-06-25,manually authored demo example
IFQ-0020,en,Latin,India,Tell me what Reliance Industries does,what Reliance Industries does,company_summary,RELIANCE.NS,company_profile,manually_created_sample_demo_corpus,repo_license,project_authored,2026-06-25,manually authored demo example
IFQ-0021,en,Latin,India,Give company profile for Tata Motors,company profile Tata Motors,company_summary,TATAMOTORS.NS,company_profile,manually_created_sample_demo_corpus,repo_license,project_authored,2026-06-25,manually authored demo example
IFQ-0022,hi,Devanagari,India,इन्फोसिस कंपनी किस सेक्टर में है,इन्फोसिस कंपनी सेक्टर,company_summary,INFY.NS,company_profile,manually_created_sample_demo_corpus,repo_license,project_authored,2026-06-25,manually authored demo example
IFQ-0023,hi,Devanagari,India,रिलायंस कंपनी का कारोबार समझाइए,रिलायंस कंपनी कारोबार,company_summary,RELIANCE.NS,company_profile,manually_created_sample_demo_corpus,repo_license,project_authored,2026-06-25,manually authored demo example
IFQ-0024,hi,Devanagari,India,टाटा मोटर्स की कंपनी जानकारी दें,टाटा मोटर्स कंपनी जानकारी,company_summary,TATAMOTORS.NS,company_profile,manually_created_sample_demo_corpus,repo_license,project_authored,2026-06-25,manually authored demo example
IFQ-0025,or,Odia,Odisha,ଇନଫୋସିସ କମ୍ପାନୀ ବିଷୟରେ କହନ୍ତୁ,ଇନଫୋସିସ କମ୍ପାନୀ ବିଷୟ,company_summary,INFY.NS,company_profile,manually_created_sample_demo_corpus,repo_license,project_authored,2026-06-25,manually authored demo example
IFQ-0026,or,Odia,Odisha,ରିଲାୟନ୍ସ କେଉଁ ବ୍ୟବସାୟ କରେ,ରିଲାୟନ୍ସ ବ୍ୟବସାୟ,company_summary,RELIANCE.NS,company_profile,manually_created_sample_demo_corpus,repo_license,project_authored,2026-06-25,manually authored demo example
IFQ-0027,or,Odia,Odisha,ଟାଟା ମୋଟର୍ସ କମ୍ପାନୀ ପ୍ରୋଫାଇଲ ଦିଅନ୍ତୁ,ଟାଟା ମୋଟର୍ସ କମ୍ପାନୀ ପ୍ରୋଫାଇଲ,company_summary,TATAMOTORS.NS,company_profile,manually_created_sample_demo_corpus,repo_license,project_authored,2026-06-25,manually authored demo example
IFQ-0028,en,Latin,India,Add HDFC Bank to my watchlist,add HDFC Bank watchlist,watchlist_help,HDFCBANK.NS,watchlist_action_help,manually_created_sample_demo_corpus,repo_license,project_authored,2026-06-25,manually authored demo example
IFQ-0029,en,Latin,India,Remove Infosys from saved stocks,remove Infosys saved stocks,watchlist_help,INFY.NS,watchlist_action_help,manually_created_sample_demo_corpus,repo_license,project_authored,2026-06-25,manually authored demo example
IFQ-0030,en,Latin,India,How do I create a stock watchlist,create stock watchlist help,watchlist_help,,watchlist_action_help,manually_created_sample_demo_corpus,repo_license,project_authored,2026-06-25,manually authored demo example
IFQ-0031,hi,Devanagari,India,HDFC बैंक को वॉचलिस्ट में जोड़ना है,HDFC बैंक वॉचलिस्ट जोड़ना,watchlist_help,HDFCBANK.NS,watchlist_action_help,manually_created_sample_demo_corpus,repo_license,project_authored,2026-06-25,manually authored demo example
IFQ-0032,hi,Devanagari,India,इन्फोसिस को मेरी सूची से हटाइए,इन्फोसिस सूची हटाइए,watchlist_help,INFY.NS,watchlist_action_help,manually_created_sample_demo_corpus,repo_license,project_authored,2026-06-25,manually authored demo example
IFQ-0033,hi,Devanagari,India,वॉचलिस्ट कैसे बनती है,वॉचलिस्ट कैसे बनती,watchlist_help,,watchlist_action_help,manually_created_sample_demo_corpus,repo_license,project_authored,2026-06-25,manually authored demo example
IFQ-0034,or,Odia,Odisha,HDFC ବ୍ୟାଙ୍କକୁ ୱାଚଲିଷ୍ଟରେ ଯୋଡନ୍ତୁ,HDFC ବ୍ୟାଙ୍କ ୱାଚଲିଷ୍ଟ ଯୋଡନ୍ତୁ,watchlist_help,HDFCBANK.NS,watchlist_action_help,manually_created_sample_demo_corpus,repo_license,project_authored,2026-06-25,manually authored demo example
IFQ-0035,or,Odia,Odisha,ଇନଫୋସିସକୁ ମୋ ତାଲିକାରୁ ହଟାନ୍ତୁ,ଇନଫୋସିସ ତାଲିକା ହଟାନ୍ତୁ,watchlist_help,INFY.NS,watchlist_action_help,manually_created_sample_demo_corpus,repo_license,project_authored,2026-06-25,manually authored demo example
IFQ-0036,or,Odia,Odisha,ଷ୍ଟକ ୱାଚଲିଷ୍ଟ କେମିତି କରିବି,ଷ୍ଟକ ୱାଚଲିଷ୍ଟ କେମିତି,watchlist_help,,watchlist_action_help,manually_created_sample_demo_corpus,repo_license,project_authored,2026-06-25,manually authored demo example
IFQ-0037,en,Latin,India,Explain the risks before buying Tata Motors,explain risks buying Tata Motors,risk_explanation,TATAMOTORS.NS,risk_summary,manually_created_sample_demo_corpus,repo_license,project_authored,2026-06-25,manually authored demo example
IFQ-0038,en,Latin,India,What are downside risks for Reliance,downside risks Reliance,risk_explanation,RELIANCE.NS,risk_summary,manually_created_sample_demo_corpus,repo_license,project_authored,2026-06-25,manually authored demo example
IFQ-0039,en,Latin,India,Is NVDA too risky at this valuation,NVDA risky valuation,risk_explanation,NVDA,risk_summary,manually_created_sample_demo_corpus,repo_license,project_authored,2026-06-25,manually authored demo example
IFQ-0040,hi,Devanagari,India,टाटा मोटर्स खरीदने में क्या जोखिम हैं,टाटा मोटर्स खरीद जोखिम,risk_explanation,TATAMOTORS.NS,risk_summary,manually_created_sample_demo_corpus,repo_license,project_authored,2026-06-25,manually authored demo example
IFQ-0041,hi,Devanagari,India,रिलायंस में गिरावट का खतरा समझाइए,रिलायंस गिरावट खतरा,risk_explanation,RELIANCE.NS,risk_summary,manually_created_sample_demo_corpus,repo_license,project_authored,2026-06-25,manually authored demo example
IFQ-0042,hi,Devanagari,India,NVDA की वैल्यूएशन में जोखिम है क्या,NVDA वैल्यूएशन जोखिम,risk_explanation,NVDA,risk_summary,manually_created_sample_demo_corpus,repo_license,project_authored,2026-06-25,manually authored demo example
IFQ-0043,or,Odia,Odisha,ଟାଟା ମୋଟର୍ସ କିଣିବାର ଝୁକି ବୁଝାନ୍ତୁ,ଟାଟା ମୋଟର୍ସ କିଣିବା ଝୁକି,risk_explanation,TATAMOTORS.NS,risk_summary,manually_created_sample_demo_corpus,repo_license,project_authored,2026-06-25,manually authored demo example
IFQ-0044,or,Odia,Odisha,ରିଲାୟନ୍ସର ନିମ୍ନମୁଖୀ ଝୁକି କଣ,ରିଲାୟନ୍ସ ନିମ୍ନମୁଖୀ ଝୁକି,risk_explanation,RELIANCE.NS,risk_summary,manually_created_sample_demo_corpus,repo_license,project_authored,2026-06-25,manually authored demo example
IFQ-0045,or,Odia,Odisha,NVDA ମୂଲ୍ୟାୟନରେ ଝୁକି ଅଛି କି,NVDA ମୂଲ୍ୟାୟନ ଝୁକି,risk_explanation,NVDA,risk_summary,manually_created_sample_demo_corpus,repo_license,project_authored,2026-06-25,manually authored demo example
IFQ-0046,en,Latin,India,What does market cap mean,what market cap mean,financial_term_explanation,,education_answer,manually_created_sample_demo_corpus,repo_license,project_authored,2026-06-25,manually authored demo example
IFQ-0047,en,Latin,India,Explain PE ratio in simple words,explain PE ratio simple,financial_term_explanation,,education_answer,manually_created_sample_demo_corpus,repo_license,project_authored,2026-06-25,manually authored demo example
IFQ-0048,en,Latin,India,What is dividend yield,what dividend yield,financial_term_explanation,,education_answer,manually_created_sample_demo_corpus,repo_license,project_authored,2026-06-25,manually authored demo example
IFQ-0049,hi,Devanagari,India,मार्केट कैप का मतलब समझाइए,मार्केट कैप मतलब,financial_term_explanation,,education_answer,manually_created_sample_demo_corpus,repo_license,project_authored,2026-06-25,manually authored demo example
IFQ-0050,hi,Devanagari,India,PE अनुपात सरल भाषा में बताइए,PE अनुपात सरल,financial_term_explanation,,education_answer,manually_created_sample_demo_corpus,repo_license,project_authored,2026-06-25,manually authored demo example
IFQ-0051,hi,Devanagari,India,डिविडेंड यील्ड क्या होती है,डिविडेंड यील्ड क्या,financial_term_explanation,,education_answer,manually_created_sample_demo_corpus,repo_license,project_authored,2026-06-25,manually authored demo example
IFQ-0052,or,Odia,Odisha,ମାର୍କେଟ କ୍ୟାପ ମାନେ କଣ,ମାର୍କେଟ କ୍ୟାପ ମାନେ,financial_term_explanation,,education_answer,manually_created_sample_demo_corpus,repo_license,project_authored,2026-06-25,manually authored demo example
IFQ-0053,or,Odia,Odisha,PE ଅନୁପାତ ସହଜ ଭାବେ ବୁଝାନ୍ତୁ,PE ଅନୁପାତ ସହଜ,financial_term_explanation,,education_answer,manually_created_sample_demo_corpus,repo_license,project_authored,2026-06-25,manually authored demo example
IFQ-0054,or,Odia,Odisha,ଡିଭିଡେଣ୍ଡ ୟିଲ୍ଡ କଣ,ଡିଭିଡେଣ୍ଡ ୟିଲ୍ଡ କଣ,financial_term_explanation,,education_answer,manually_created_sample_demo_corpus,repo_license,project_authored,2026-06-25,manually authored demo example
IFQ-0055,en,Latin,India,Generate a report for NVDA,generate report NVDA,report_generation,NVDA,equity_report,manually_created_sample_demo_corpus,repo_license,project_authored,2026-06-25,manually authored demo example
IFQ-0056,en,Latin,India,Create stock analysis report for TCS,create stock analysis report TCS,report_generation,TCS.NS,equity_report,manually_created_sample_demo_corpus,repo_license,project_authored,2026-06-25,manually authored demo example
IFQ-0057,en,Latin,India,Prepare an investment note on Infosys,prepare investment note Infosys,report_generation,INFY.NS,equity_report,manually_created_sample_demo_corpus,repo_license,project_authored,2026-06-25,manually authored demo example
IFQ-0058,hi,Devanagari,India,NVDA पर रिपोर्ट बनाइए,NVDA रिपोर्ट बनाइए,report_generation,NVDA,equity_report,manually_created_sample_demo_corpus,repo_license,project_authored,2026-06-25,manually authored demo example
IFQ-0059,hi,Devanagari,India,TCS की स्टॉक एनालिसिस रिपोर्ट चाहिए,TCS स्टॉक एनालिसिस रिपोर्ट,report_generation,TCS.NS,equity_report,manually_created_sample_demo_corpus,repo_license,project_authored,2026-06-25,manually authored demo example
IFQ-0060,hi,Devanagari,India,इन्फोसिस पर निवेश नोट तैयार करें,इन्फोसिस निवेश नोट,report_generation,INFY.NS,equity_report,manually_created_sample_demo_corpus,repo_license,project_authored,2026-06-25,manually authored demo example
IFQ-0061,or,Odia,Odisha,NVDA ପାଇଁ ରିପୋର୍ଟ ତିଆରି କରନ୍ତୁ,NVDA ରିପୋର୍ଟ ତିଆରି,report_generation,NVDA,equity_report,manually_created_sample_demo_corpus,repo_license,project_authored,2026-06-25,manually authored demo example
IFQ-0062,or,Odia,Odisha,TCS ଷ୍ଟକ ବିଶ୍ଳେଷଣ ରିପୋର୍ଟ ଦିଅନ୍ତୁ,TCS ଷ୍ଟକ ବିଶ୍ଳେଷଣ ରିପୋର୍ଟ,report_generation,TCS.NS,equity_report,manually_created_sample_demo_corpus,repo_license,project_authored,2026-06-25,manually authored demo example
IFQ-0063,or,Odia,Odisha,ଇନଫୋସିସ ଉପରେ ନିବେଶ ନୋଟ କରନ୍ତୁ,ଇନଫୋସିସ ନିବେଶ ନୋଟ,report_generation,INFY.NS,equity_report,manually_created_sample_demo_corpus,repo_license,project_authored,2026-06-25,manually authored demo example
IFQ-0064,en,Latin,India,How is my watchlist performing,watchlist performance,portfolio_question,,portfolio_summary,manually_created_sample_demo_corpus,repo_license,project_authored,2026-06-25,manually authored demo example
IFQ-0065,en,Latin,India,Which stock in my portfolio is weakest,portfolio weakest stock,portfolio_question,,portfolio_summary,manually_created_sample_demo_corpus,repo_license,project_authored,2026-06-25,manually authored demo example
IFQ-0066,en,Latin,India,Show allocation risk across my holdings,allocation risk holdings,portfolio_question,,portfolio_summary,manually_created_sample_demo_corpus,repo_license,project_authored,2026-06-25,manually authored demo example
IFQ-0067,hi,Devanagari,India,मेरी वॉचलिस्ट कैसा प्रदर्शन कर रही है,मेरी वॉचलिस्ट प्रदर्शन,portfolio_question,,portfolio_summary,manually_created_sample_demo_corpus,repo_license,project_authored,2026-06-25,manually authored demo example
IFQ-0068,hi,Devanagari,India,मेरे पोर्टफोलियो में कौन सा शेयर कमजोर है,पोर्टफोलियो शेयर कमजोर,portfolio_question,,portfolio_summary,manually_created_sample_demo_corpus,repo_license,project_authored,2026-06-25,manually authored demo example
IFQ-0069,hi,Devanagari,India,मेरी होल्डिंग्स में जोखिम आवंटन दिखाइए,होल्डिंग्स जोखिम आवंटन,portfolio_question,,portfolio_summary,manually_created_sample_demo_corpus,repo_license,project_authored,2026-06-25,manually authored demo example
IFQ-0070,or,Odia,Odisha,ମୋ ୱାଚଲିଷ୍ଟର ପ୍ରଦର୍ଶନ କେମିତି,ୱାଚଲିଷ୍ଟ ପ୍ରଦର୍ଶନ,portfolio_question,,portfolio_summary,manually_created_sample_demo_corpus,repo_license,project_authored,2026-06-25,manually authored demo example
IFQ-0071,or,Odia,Odisha,ମୋ ପୋର୍ଟଫୋଲିଓର କେଉଁ ଷ୍ଟକ ଦୁର୍ବଳ,ପୋର୍ଟଫୋଲିଓ ଷ୍ଟକ ଦୁର୍ବଳ,portfolio_question,,portfolio_summary,manually_created_sample_demo_corpus,repo_license,project_authored,2026-06-25,manually authored demo example
IFQ-0072,or,Odia,Odisha,ମୋ ହୋଲ୍ଡିଂସରେ ଝୁକି ବଣ୍ଟନ ଦେଖାନ୍ତୁ,ହୋଲ୍ଡିଂସ ଝୁକି ବଣ୍ଟନ,portfolio_question,,portfolio_summary,manually_created_sample_demo_corpus,repo_license,project_authored,2026-06-25,manually authored demo example
IFQ-0073,en,Latin,India,What is the stock price of HDFC Bank,HDFC Bank stock price,stock_price_query,HDFCBANK.NS,price_snapshot,manually_created_sample_demo_corpus,repo_license,project_authored,2026-06-25,manually authored demo example
IFQ-0074,hi,Devanagari,India,HDFC बैंक का ताजा भाव दिखाएं,HDFC बैंक ताजा भाव,stock_price_query,HDFCBANK.NS,price_snapshot,manually_created_sample_demo_corpus,repo_license,project_authored,2026-06-25,manually authored demo example
IFQ-0075,or,Odia,Odisha,HDFC ବ୍ୟାଙ୍କ ର ଲାଇଭ୍ ମୂଲ୍ୟ କେତେ,HDFC ବ୍ୟାଙ୍କ ଲାଇଭ୍ ମୂଲ୍ୟ,stock_price_query,HDFCBANK.NS,price_snapshot,manually_created_sample_demo_corpus,repo_license,project_authored,2026-06-25,manually authored demo example
IFQ-0076,en,Latin,India,Can you predict Infosys trend for next week,predict Infosys next week,stock_prediction_query,INFY.NS,prediction_summary,manually_created_sample_demo_corpus,repo_license,project_authored,2026-06-25,manually authored demo example
IFQ-0077,hi,Devanagari,India,इन्फोसिस का अगले हफ्ते का क्या ट्रेंड रहेगा,इन्फोसिस अगले हफ्ते ट्रेंड,stock_prediction_query,INFY.NS,prediction_summary,manually_created_sample_demo_corpus,repo_license,project_authored,2026-06-25,manually authored demo example
IFQ-0078,or,Odia,Odisha,ଇନଫୋସିସ ର ଆଗାମୀ ସପ୍ତାହର ପୂର୍ବାନୁମାନ କଣ,ଇନଫୋସିସ ଆଗାମୀ ସପ୍ତାହ ପୂର୍ବାନୁମାନ,stock_prediction_query,INFY.NS,prediction_summary,manually_created_sample_demo_corpus,repo_license,project_authored,2026-06-25,manually authored demo example
IFQ-0079,en,Latin,India,Provide a business summary of TCS,business summary TCS,company_summary,TCS.NS,company_profile,manually_created_sample_demo_corpus,repo_license,project_authored,2026-06-25,manually authored demo example
IFQ-0080,hi,Devanagari,India,TCS कंपनी क्या काम करती है,TCS कंपनी काम,company_summary,TCS.NS,company_profile,manually_created_sample_demo_corpus,repo_license,project_authored,2026-06-25,manually authored demo example
IFQ-0081,or,Odia,Odisha,TCS କମ୍ପାନୀ ର ମୁଖ୍ୟ କାର୍ଯ୍ୟ କଣ,TCS କମ୍ପାନୀ ମୁଖ୍ୟ କାର୍ଯ୍ୟ,company_summary,TCS.NS,company_profile,manually_created_sample_demo_corpus,repo_license,project_authored,2026-06-25,manually authored demo example
IFQ-0082,en,Latin,India,Show me how to save Tata Motors to watchlist,how save Tata Motors watchlist,watchlist_help,TATAMOTORS.NS,watchlist_action_help,manually_created_sample_demo_corpus,repo_license,project_authored,2026-06-25,manually authored demo example
IFQ-0083,hi,Devanagari,India,टाटा मोटर्स को वॉचलिस्ट में कैसे सेव करें,टाटा मोटर्स वॉचलिस्ट सेव,watchlist_help,TATAMOTORS.NS,watchlist_action_help,manually_created_sample_demo_corpus,repo_license,project_authored,2026-06-25,manually authored demo example
IFQ-0084,or,Odia,Odisha,ଟାଟା ମୋଟର୍ସ କୁ ୱାଚଲିଷ୍ଟରେ କେମିତି ସେଭ୍ କରିବି,ଟାଟା ମୋଟର୍ସ ୱାଚଲିଷ୍ଟ ସେଭ୍,watchlist_help,TATAMOTORS.NS,watchlist_action_help,manually_created_sample_demo_corpus,repo_license,project_authored,2026-06-25,manually authored demo example
IFQ-0085,en,Latin,India,What are the primary risk factors for HDFC Bank,risk factors HDFC Bank,risk_explanation,HDFCBANK.NS,risk_summary,manually_created_sample_demo_corpus,repo_license,project_authored,2026-06-25,manually authored demo example
IFQ-0086,hi,Devanagari,India,HDFC बैंक के मुख्य जोखिम कारक क्या हैं,HDFC बैंक जोखिम कारक,risk_explanation,HDFCBANK.NS,risk_summary,manually_created_sample_demo_corpus,repo_license,project_authored,2026-06-25,manually authored demo example
IFQ-0087,or,Odia,Odisha,HDFC ବ୍ୟାଙ୍କ ପାଇଁ ମୁଖ୍ୟ ବିପଦ କଣ ରହିଛି,HDFC ବ୍ୟାଙ୍କ ମୁଖ୍ୟ ବିପଦ,risk_explanation,HDFCBANK.NS,risk_summary,manually_created_sample_demo_corpus,repo_license,project_authored,2026-06-25,manually authored demo example
IFQ-0088,en,Latin,India,What is the meaning of EPS in finance,meaning EPS finance,financial_term_explanation,,education_answer,manually_created_sample_demo_corpus,repo_license,project_authored,2026-06-25,manually authored demo example
IFQ-0089,hi,Devanagari,India,फाइनेंस में EPS का क्या अर्थ होता है,फाइनेंस EPS अर्थ,financial_term_explanation,,education_answer,manually_created_sample_demo_corpus,repo_license,project_authored,2026-06-25,manually authored demo example
IFQ-0090,or,Odia,Odisha,ଫାଇନାନ୍ସ ରେ EPS ର ଅର୍ଥ କଣ,ଫାଇନାନ୍ସ EPS ଅର୍ଥ,financial_term_explanation,,education_answer,manually_created_sample_demo_corpus,repo_license,project_authored,2026-06-25,manually authored demo example
IFQ-0091,en,Latin,India,Generate an analytical report for Reliance Industries,generate report Reliance Industries,report_generation,RELIANCE.NS,equity_report,manually_created_sample_demo_corpus,repo_license,project_authored,2026-06-25,manually authored demo example
IFQ-0092,hi,Devanagari,India,रिलायंस इंडस्ट्रीज पर विश्लेषणात्मक रिपोर्ट बनाएं,रिलायंस इंडस्ट्रीज रिपोर्ट बनाएं,report_generation,RELIANCE.NS,equity_report,manually_created_sample_demo_corpus,repo_license,project_authored,2026-06-25,manually authored demo example
IFQ-0093,or,Odia,Odisha,ରିଲାୟନ୍ସ ଇଣ୍ଡଷ୍ଟ୍ରିଜ୍ ପାଇଁ ବିଶ୍ଳେଷଣାତ୍ମକ ରିପୋର୍ଟ ପ୍ରସ୍ତୁତ କରନ୍ତୁ,ରିଲାୟନ୍ସ ବିଶ୍ଳେଷଣାତ୍ମକ ରିପୋର୍ଟ,report_generation,RELIANCE.NS,equity_report,manually_created_sample_demo_corpus,repo_license,project_authored,2026-06-25,manually authored demo example
IFQ-0094,en,Latin,India,Show my watchlist profit and loss overview,watchlist profit loss overview,portfolio_question,,portfolio_summary,manually_created_sample_demo_corpus,repo_license,project_authored,2026-06-25,manually authored demo example
IFQ-0095,hi,Devanagari,India,मेरी वॉचलिस्ट का लाभ और हानि विवरण दिखाएं,वॉचलिस्ट लाभ हानि विवरण,portfolio_question,,portfolio_summary,manually_created_sample_demo_corpus,repo_license,project_authored,2026-06-25,manually authored demo example
IFQ-0096,or,Odia,Odisha,ମୋ ୱାଚଲିଷ୍ଟର ଲାଭ ଏବଂ କ୍ଷତି ଦେଖାନ୍ତୁ,ୱାଚଲିଷ୍ଟ ଲାଭ କ୍ଷତି ଦେଖାନ୍ତୁ,portfolio_question,,portfolio_summary,manually_created_sample_demo_corpus,repo_license,project_authored,2026-06-25,manually authored demo example
